区域名称,排,座位,座位类型,票品名称,拼接,是否重复
109,B,1,普通座位,优选座位看台区 1819元,109-B-1,0
109,B,2,普通座位,优选座位看台区 1819元,109-B-2,0
109,B,3,普通座位,优选座位看台区 1819元,109-B-3,0
109,B,4,普通座位,优选座位看台区 1819元,109-B-4,0
109,B,5,普通座位,优选座位看台区 1819元,109-B-5,0
109,B,6,普通座位,优选座位看台区 1819元,109-B-6,0
109,B,7,普通座位,优选座位看台区 1819元,109-B-7,0
109,B,8,普通座位,优选座位看台区 1819元,109-B-8,0
109,B,9,普通座位,优选座位看台区 1819元,109-B-9,0
109,B,10,普通座位,优选座位看台区 1819元,109-B-10,0
109,C,1,普通座位,优选座位看台区 1819元,109-C-1,0
109,C,2,普通座位,优选座位看台区 1819元,109-C-2,0
109,C,3,普通座位,优选座位看台区 1819元,109-C-3,0
109,C,4,普通座位,优选座位看台区 1819元,109-C-4,0
109,C,5,普通座位,优选座位看台区 1819元,109-C-5,0
109,C,6,普通座位,优选座位看台区 1819元,109-C-6,0
109,C,7,普通座位,优选座位看台区 1819元,109-C-7,0
109,C,8,普通座位,优选座位看台区 1819元,109-C-8,0
109,C,9,普通座位,优选座位看台区 1819元,109-C-9,0
109,C,10,普通座位,优选座位看台区 1819元,109-C-10,0
109,C,11,普通座位,优选座位看台区 1819元,109-C-11,0
111,E,1,普通座位,优选座位看台区 1819元,111-E-1,0
111,E,2,普通座位,优选座位看台区 1819元,111-E-2,0
111,E,3,普通座位,优选座位看台区 1819元,111-E-3,0
111,E,4,普通座位,优选座位看台区 1819元,111-E-4,0
111,E,5,普通座位,优选座位看台区 1819元,111-E-5,0
111,E,6,普通座位,优选座位看台区 1819元,111-E-6,0
111,E,7,普通座位,优选座位看台区 1819元,111-E-7,0
111,E,8,普通座位,优选座位看台区 1819元,111-E-8,0
111,E,9,普通座位,优选座位看台区 1819元,111-E-9,0
111,E,10,普通座位,优选座位看台区 1819元,111-E-10,0
111,E,11,普通座位,优选座位看台区 1819元,111-E-11,0
111,E,12,普通座位,优选座位看台区 1819元,111-E-12,0
111,F,1,普通座位,优选座位看台区 1819元,111-F-1,0
111,F,2,普通座位,优选座位看台区 1819元,111-F-2,0
111,F,3,普通座位,优选座位看台区 1819元,111-F-3,0
111,F,4,普通座位,优选座位看台区 1819元,111-F-4,0
111,F,5,普通座位,优选座位看台区 1819元,111-F-5,0
111,F,6,普通座位,优选座位看台区 1819元,111-F-6,0
111,F,7,普通座位,优选座位看台区 1819元,111-F-7,0
111,F,8,普通座位,优选座位看台区 1819元,111-F-8,0
111,F,9,普通座位,优选座位看台区 1819元,111-F-9,0
111,F,10,普通座位,优选座位看台区 1819元,111-F-10,0
111,F,11,普通座位,优选座位看台区 1819元,111-F-11,0
111,F,12,普通座位,优选座位看台区 1819元,111-F-12,0
111,F,13,普通座位,优选座位看台区 1819元,111-F-13,0
111,G,1,普通座位,优选座位看台区 1819元,111-G-1,0
109,G,1,普通座位,优选座位看台区 1819元,109-G-1,0
111,G,2,普通座位,优选座位看台区 1819元,111-G-2,0
109,G,2,普通座位,优选座位看台区 1819元,109-G-2,0
111,G,3,普通座位,优选座位看台区 1819元,111-G-3,0
109,G,3,普通座位,优选座位看台区 1819元,109-G-3,0
111,G,4,普通座位,优选座位看台区 1819元,111-G-4,0
109,G,4,普通座位,优选座位看台区 1819元,109-G-4,0
111,G,5,普通座位,优选座位看台区 1819元,111-G-5,0
109,G,5,普通座位,优选座位看台区 1819元,109-G-5,0
111,G,6,普通座位,优选座位看台区 1819元,111-G-6,0
109,G,6,普通座位,优选座位看台区 1819元,109-G-6,0
111,G,7,普通座位,优选座位看台区 1819元,111-G-7,0
109,G,7,普通座位,优选座位看台区 1819元,109-G-7,0
111,G,8,普通座位,优选座位看台区 1819元,111-G-8,0
109,G,8,普通座位,优选座位看台区 1819元,109-G-8,0
111,G,9,普通座位,优选座位看台区 1819元,111-G-9,0
109,G,9,普通座位,优选座位看台区 1819元,109-G-9,0
111,G,10,普通座位,优选座位看台区 1819元,111-G-10,0
109,G,10,普通座位,优选座位看台区 1819元,109-G-10,0
111,G,11,普通座位,优选座位看台区 1819元,111-G-11,0
109,G,11,普通座位,优选座位看台区 1819元,109-G-11,0
111,G,12,普通座位,优选座位看台区 1819元,111-G-12,0
109,G,12,普通座位,优选座位看台区 1819元,109-G-12,0
111,G,13,普通座位,优选座位看台区 1819元,111-G-13,0
109,G,13,普通座位,优选座位看台区 1819元,109-G-13,0
111,G,14,普通座位,优选座位看台区 1819元,111-G-14,0
109,G,14,普通座位,优选座位看台区 1819元,109-G-14,0
109,G,15,普通座位,优选座位看台区 1819元,109-G-15,0
109,G,16,普通座位,优选座位看台区 1819元,109-G-16,0
114,H,1,普通座位,优选座位看台区 1819元,114-H-1,0
111,H,1,普通座位,优选座位看台区 1819元,111-H-1,0
109,H,1,普通座位,优选座位看台区 1819元,109-H-1,0
114,H,2,普通座位,优选座位看台区 1819元,114-H-2,0
111,H,2,普通座位,优选座位看台区 1819元,111-H-2,0
109,H,2,普通座位,优选座位看台区 1819元,109-H-2,0
114,H,3,普通座位,优选座位看台区 1819元,114-H-3,0
111,H,3,普通座位,优选座位看台区 1819元,111-H-3,0
109,H,3,普通座位,优选座位看台区 1819元,109-H-3,0
114,H,4,普通座位,优选座位看台区 1819元,114-H-4,0
111,H,4,普通座位,优选座位看台区 1819元,111-H-4,0
109,H,4,普通座位,优选座位看台区 1819元,109-H-4,0
114,H,5,普通座位,优选座位看台区 1819元,114-H-5,0
111,H,5,普通座位,优选座位看台区 1819元,111-H-5,0
109,H,5,普通座位,优选座位看台区 1819元,109-H-5,0
114,H,6,普通座位,优选座位看台区 1819元,114-H-6,0
111,H,6,普通座位,优选座位看台区 1819元,111-H-6,0
109,H,6,普通座位,优选座位看台区 1819元,109-H-6,0
114,H,7,普通座位,优选座位看台区 1819元,114-H-7,0
111,H,7,普通座位,优选座位看台区 1819元,111-H-7,0
109,H,7,普通座位,优选座位看台区 1819元,109-H-7,0
114,H,8,普通座位,优选座位看台区 1819元,114-H-8,0
111,H,8,普通座位,优选座位看台区 1819元,111-H-8,0
109,H,8,普通座位,优选座位看台区 1819元,109-H-8,0
114,H,9,普通座位,优选座位看台区 1819元,114-H-9,0
111,H,9,普通座位,优选座位看台区 1819元,111-H-9,0
109,H,9,普通座位,优选座位看台区 1819元,109-H-9,0
111,H,10,普通座位,优选座位看台区 1819元,111-H-10,0
109,H,10,普通座位,优选座位看台区 1819元,109-H-10,0
111,H,11,普通座位,优选座位看台区 1819元,111-H-11,0
109,H,11,普通座位,优选座位看台区 1819元,109-H-11,0
111,H,12,普通座位,优选座位看台区 1819元,111-H-12,0
109,H,12,普通座位,优选座位看台区 1819元,109-H-12,0
109,H,13,普通座位,优选座位看台区 1819元,109-H-13,0
109,H,14,普通座位,优选座位看台区 1819元,109-H-14,0
114,J,1,普通座位,优选座位看台区 1819元,114-J-1,0
111,J,1,普通座位,优选座位看台区 1819元,111-J-1,0
109,J,1,普通座位,优选座位看台区 1819元,109-J-1,0
114,J,2,普通座位,优选座位看台区 1819元,114-J-2,0
111,J,2,普通座位,优选座位看台区 1819元,111-J-2,0
109,J,2,普通座位,优选座位看台区 1819元,109-J-2,0
114,J,3,普通座位,优选座位看台区 1819元,114-J-3,0
111,J,3,普通座位,优选座位看台区 1819元,111-J-3,0
109,J,3,普通座位,优选座位看台区 1819元,109-J-3,0
114,J,4,普通座位,优选座位看台区 1819元,114-J-4,0
111,J,4,普通座位,优选座位看台区 1819元,111-J-4,0
109,J,4,普通座位,优选座位看台区 1819元,109-J-4,0
114,J,5,普通座位,优选座位看台区 1819元,114-J-5,0
111,J,5,普通座位,优选座位看台区 1819元,111-J-5,0
109,J,5,普通座位,优选座位看台区 1819元,109-J-5,0
114,J,6,普通座位,优选座位看台区 1819元,114-J-6,0
111,J,6,普通座位,优选座位看台区 1819元,111-J-6,0
109,J,6,普通座位,优选座位看台区 1819元,109-J-6,0
114,J,7,普通座位,优选座位看台区 1819元,114-J-7,0
111,J,7,普通座位,优选座位看台区 1819元,111-J-7,0
109,J,7,普通座位,优选座位看台区 1819元,109-J-7,0
114,J,8,普通座位,优选座位看台区 1819元,114-J-8,0
111,J,8,普通座位,优选座位看台区 1819元,111-J-8,0
109,J,8,普通座位,优选座位看台区 1819元,109-J-8,0
114,J,9,普通座位,优选座位看台区 1819元,114-J-9,0
111,J,9,普通座位,优选座位看台区 1819元,111-J-9,0
109,J,9,普通座位,优选座位看台区 1819元,109-J-9,0
114,J,10,普通座位,优选座位看台区 1819元,114-J-10,0
111,J,10,普通座位,优选座位看台区 1819元,111-J-10,0
109,J,10,普通座位,优选座位看台区 1819元,109-J-10,0
111,J,11,普通座位,优选座位看台区 1819元,111-J-11,0
109,J,11,普通座位,优选座位看台区 1819元,109-J-11,0
111,J,12,普通座位,优选座位看台区 1819元,111-J-12,0
109,J,12,普通座位,优选座位看台区 1819元,109-J-12,0
111,J,13,普通座位,优选座位看台区 1819元,111-J-13,0
109,J,13,普通座位,优选座位看台区 1819元,109-J-13,0
109,J,14,普通座位,优选座位看台区 1819元,109-J-14,0
109,J,15,普通座位,优选座位看台区 1819元,109-J-15,0
114,K,1,普通座位,优选座位看台区 1819元,114-K-1,0
111,K,1,普通座位,优选座位看台区 1819元,111-K-1,0
109,K,1,普通座位,优选座位看台区 1819元,109-K-1,0
114,K,2,普通座位,优选座位看台区 1819元,114-K-2,0
111,K,2,普通座位,优选座位看台区 1819元,111-K-2,0
109,K,2,普通座位,优选座位看台区 1819元,109-K-2,0
114,K,3,普通座位,优选座位看台区 1819元,114-K-3,0
111,K,3,普通座位,优选座位看台区 1819元,111-K-3,0
109,K,3,普通座位,优选座位看台区 1819元,109-K-3,0
114,K,4,普通座位,优选座位看台区 1819元,114-K-4,0
111,K,4,普通座位,优选座位看台区 1819元,111-K-4,0
109,K,4,普通座位,优选座位看台区 1819元,109-K-4,0
114,K,5,普通座位,优选座位看台区 1819元,114-K-5,0
111,K,5,普通座位,优选座位看台区 1819元,111-K-5,0
109,K,5,普通座位,优选座位看台区 1819元,109-K-5,0
114,K,6,普通座位,优选座位看台区 1819元,114-K-6,0
111,K,6,普通座位,优选座位看台区 1819元,111-K-6,0
109,K,6,普通座位,优选座位看台区 1819元,109-K-6,0
114,K,7,普通座位,优选座位看台区 1819元,114-K-7,0
111,K,7,普通座位,优选座位看台区 1819元,111-K-7,0
109,K,7,普通座位,优选座位看台区 1819元,109-K-7,0
114,K,8,普通座位,优选座位看台区 1819元,114-K-8,0
111,K,8,普通座位,优选座位看台区 1819元,111-K-8,0
109,K,8,普通座位,优选座位看台区 1819元,109-K-8,0
114,K,9,普通座位,优选座位看台区 1819元,114-K-9,0
111,K,9,普通座位,优选座位看台区 1819元,111-K-9,0
109,K,9,普通座位,优选座位看台区 1819元,109-K-9,0
114,K,10,普通座位,优选座位看台区 1819元,114-K-10,0
111,K,10,普通座位,优选座位看台区 1819元,111-K-10,0
109,K,10,普通座位,优选座位看台区 1819元,109-K-10,0
114,K,11,普通座位,优选座位看台区 1819元,114-K-11,0
111,K,11,普通座位,优选座位看台区 1819元,111-K-11,0
109,K,11,普通座位,优选座位看台区 1819元,109-K-11,0
111,K,12,普通座位,优选座位看台区 1819元,111-K-12,0
109,K,12,普通座位,优选座位看台区 1819元,109-K-12,0
111,K,13,普通座位,优选座位看台区 1819元,111-K-13,0
109,K,13,普通座位,优选座位看台区 1819元,109-K-13,0
111,K,14,普通座位,优选座位看台区 1819元,111-K-14,0
109,K,14,普通座位,优选座位看台区 1819元,109-K-14,0
109,K,15,普通座位,优选座位看台区 1819元,109-K-15,0
109,K,16,普通座位,优选座位看台区 1819元,109-K-16,0
114,L,1,普通座位,优选座位看台区 1819元,114-L-1,0
111,L,1,普通座位,优选座位看台区 1819元,111-L-1,0
109,L,1,普通座位,优选座位看台区 1819元,109-L-1,0
114,L,2,普通座位,优选座位看台区 1819元,114-L-2,0
111,L,2,普通座位,优选座位看台区 1819元,111-L-2,0
109,L,2,普通座位,优选座位看台区 1819元,109-L-2,0
114,L,3,普通座位,优选座位看台区 1819元,114-L-3,0
111,L,3,普通座位,优选座位看台区 1819元,111-L-3,0
109,L,3,普通座位,优选座位看台区 1819元,109-L-3,0
114,L,4,普通座位,优选座位看台区 1819元,114-L-4,0
111,L,4,普通座位,优选座位看台区 1819元,111-L-4,0
109,L,4,普通座位,优选座位看台区 1819元,109-L-4,0
114,L,5,普通座位,优选座位看台区 1819元,114-L-5,0
111,L,5,普通座位,优选座位看台区 1819元,111-L-5,0
109,L,5,普通座位,优选座位看台区 1819元,109-L-5,0
114,L,6,普通座位,优选座位看台区 1819元,114-L-6,0
111,L,6,普通座位,优选座位看台区 1819元,111-L-6,0
109,L,6,普通座位,优选座位看台区 1819元,109-L-6,0
114,L,7,普通座位,优选座位看台区 1819元,114-L-7,0
111,L,7,普通座位,优选座位看台区 1819元,111-L-7,0
109,L,7,普通座位,优选座位看台区 1819元,109-L-7,0
114,L,8,普通座位,优选座位看台区 1819元,114-L-8,0
111,L,8,普通座位,优选座位看台区 1819元,111-L-8,0
109,L,8,普通座位,优选座位看台区 1819元,109-L-8,0
114,L,9,普通座位,优选座位看台区 1819元,114-L-9,0
111,L,9,普通座位,优选座位看台区 1819元,111-L-9,0
109,L,9,普通座位,优选座位看台区 1819元,109-L-9,0
114,L,10,普通座位,优选座位看台区 1819元,114-L-10,0
111,L,10,普通座位,优选座位看台区 1819元,111-L-10,0
109,L,10,普通座位,优选座位看台区 1819元,109-L-10,0
114,L,11,普通座位,优选座位看台区 1819元,114-L-11,0
111,L,11,普通座位,优选座位看台区 1819元,111-L-11,0
109,L,11,普通座位,优选座位看台区 1819元,109-L-11,0
114,L,12,普通座位,优选座位看台区 1819元,114-L-12,0
111,L,12,普通座位,优选座位看台区 1819元,111-L-12,0
109,L,12,普通座位,优选座位看台区 1819元,109-L-12,0
111,L,13,普通座位,优选座位看台区 1819元,111-L-13,0
109,L,13,普通座位,优选座位看台区 1819元,109-L-13,0
111,L,14,普通座位,优选座位看台区 1819元,111-L-14,0
109,L,14,普通座位,优选座位看台区 1819元,109-L-14,0
111,L,15,普通座位,优选座位看台区 1819元,111-L-15,0
109,L,15,普通座位,优选座位看台区 1819元,109-L-15,0
111,L,16,普通座位,优选座位看台区 1819元,111-L-16,0
109,L,16,普通座位,优选座位看台区 1819元,109-L-16,0
109,L,17,普通座位,优选座位看台区 1819元,109-L-17,0
114,M,1,普通座位,优选座位看台区 1819元,114-M-1,0
113,M,1,普通座位,优选座位看台区 1819元,113-M-1,0
112,M,1,普通座位,优选座位看台区 1819元,112-M-1,0
111,M,1,普通座位,优选座位看台区 1819元,111-M-1,0
110,M,1,普通座位,优选座位看台区 1819元,110-M-1,0
109,M,1,普通座位,优选座位看台区 1819元,109-M-1,0
114,M,2,普通座位,优选座位看台区 1819元,114-M-2,0
113,M,2,普通座位,优选座位看台区 1819元,113-M-2,0
112,M,2,普通座位,优选座位看台区 1819元,112-M-2,0
111,M,2,普通座位,优选座位看台区 1819元,111-M-2,0
110,M,2,普通座位,优选座位看台区 1819元,110-M-2,0
109,M,2,普通座位,优选座位看台区 1819元,109-M-2,0
114,M,3,普通座位,优选座位看台区 1819元,114-M-3,0
113,M,3,普通座位,优选座位看台区 1819元,113-M-3,0
112,M,3,普通座位,优选座位看台区 1819元,112-M-3,0
111,M,3,普通座位,优选座位看台区 1819元,111-M-3,0
110,M,3,普通座位,优选座位看台区 1819元,110-M-3,0
109,M,3,普通座位,优选座位看台区 1819元,109-M-3,0
114,M,4,普通座位,优选座位看台区 1819元,114-M-4,0
113,M,4,普通座位,优选座位看台区 1819元,113-M-4,0
112,M,4,普通座位,优选座位看台区 1819元,112-M-4,0
111,M,4,普通座位,优选座位看台区 1819元,111-M-4,0
110,M,4,普通座位,优选座位看台区 1819元,110-M-4,0
109,M,4,普通座位,优选座位看台区 1819元,109-M-4,0
114,M,5,普通座位,优选座位看台区 1819元,114-M-5,0
113,M,5,普通座位,优选座位看台区 1819元,113-M-5,0
112,M,5,普通座位,优选座位看台区 1819元,112-M-5,0
111,M,5,普通座位,优选座位看台区 1819元,111-M-5,0
110,M,5,普通座位,优选座位看台区 1819元,110-M-5,0
109,M,5,普通座位,优选座位看台区 1819元,109-M-5,0
114,M,6,普通座位,优选座位看台区 1819元,114-M-6,0
113,M,6,普通座位,优选座位看台区 1819元,113-M-6,0
112,M,6,普通座位,优选座位看台区 1819元,112-M-6,0
111,M,6,普通座位,优选座位看台区 1819元,111-M-6,0
110,M,6,普通座位,优选座位看台区 1819元,110-M-6,0
109,M,6,普通座位,优选座位看台区 1819元,109-M-6,0
114,M,7,普通座位,优选座位看台区 1819元,114-M-7,0
113,M,7,普通座位,优选座位看台区 1819元,113-M-7,0
112,M,7,普通座位,优选座位看台区 1819元,112-M-7,0
111,M,7,普通座位,优选座位看台区 1819元,111-M-7,0
110,M,7,普通座位,优选座位看台区 1819元,110-M-7,0
109,M,7,普通座位,优选座位看台区 1819元,109-M-7,0
114,M,8,普通座位,优选座位看台区 1819元,114-M-8,0
113,M,8,普通座位,优选座位看台区 1819元,113-M-8,0
112,M,8,普通座位,优选座位看台区 1819元,112-M-8,0
111,M,8,普通座位,优选座位看台区 1819元,111-M-8,0
110,M,8,普通座位,优选座位看台区 1819元,110-M-8,0
109,M,8,普通座位,优选座位看台区 1819元,109-M-8,0
114,M,9,普通座位,优选座位看台区 1819元,114-M-9,0
113,M,9,普通座位,优选座位看台区 1819元,113-M-9,0
112,M,9,普通座位,优选座位看台区 1819元,112-M-9,0
111,M,9,普通座位,优选座位看台区 1819元,111-M-9,0
110,M,9,普通座位,优选座位看台区 1819元,110-M-9,0
109,M,9,普通座位,优选座位看台区 1819元,109-M-9,0
114,M,10,普通座位,优选座位看台区 1819元,114-M-10,0
113,M,10,普通座位,优选座位看台区 1819元,113-M-10,0
112,M,10,普通座位,优选座位看台区 1819元,112-M-10,0
111,M,10,普通座位,优选座位看台区 1819元,111-M-10,0
110,M,10,普通座位,优选座位看台区 1819元,110-M-10,0
109,M,10,普通座位,优选座位看台区 1819元,109-M-10,0
114,M,11,普通座位,优选座位看台区 1819元,114-M-11,0
113,M,11,普通座位,优选座位看台区 1819元,113-M-11,0
112,M,11,普通座位,优选座位看台区 1819元,112-M-11,0
111,M,11,普通座位,优选座位看台区 1819元,111-M-11,0
110,M,11,普通座位,优选座位看台区 1819元,110-M-11,0
109,M,11,普通座位,优选座位看台区 1819元,109-M-11,0
114,M,12,普通座位,优选座位看台区 1819元,114-M-12,0
113,M,12,普通座位,优选座位看台区 1819元,113-M-12,0
112,M,12,普通座位,优选座位看台区 1819元,112-M-12,0
111,M,12,普通座位,优选座位看台区 1819元,111-M-12,0
110,M,12,普通座位,优选座位看台区 1819元,110-M-12,0
109,M,12,普通座位,优选座位看台区 1819元,109-M-12,0
114,M,13,普通座位,优选座位看台区 1819元,114-M-13,0
113,M,13,普通座位,优选座位看台区 1819元,113-M-13,0
112,M,13,普通座位,优选座位看台区 1819元,112-M-13,0
111,M,13,普通座位,优选座位看台区 1819元,111-M-13,0
110,M,13,普通座位,优选座位看台区 1819元,110-M-13,0
109,M,13,普通座位,优选座位看台区 1819元,109-M-13,0
113,M,14,普通座位,优选座位看台区 1819元,113-M-14,0
112,M,14,普通座位,优选座位看台区 1819元,112-M-14,0
111,M,14,普通座位,优选座位看台区 1819元,111-M-14,0
109,M,14,普通座位,优选座位看台区 1819元,109-M-14,0
113,M,15,普通座位,优选座位看台区 1819元,113-M-15,0
112,M,15,普通座位,优选座位看台区 1819元,112-M-15,0
111,M,15,普通座位,优选座位看台区 1819元,111-M-15,0
109,M,15,普通座位,优选座位看台区 1819元,109-M-15,0
113,M,16,普通座位,优选座位看台区 1819元,113-M-16,0
112,M,16,普通座位,优选座位看台区 1819元,112-M-16,0
109,M,16,普通座位,优选座位看台区 1819元,109-M-16,0
113,M,17,普通座位,优选座位看台区 1819元,113-M-17,0
112,M,17,普通座位,优选座位看台区 1819元,112-M-17,0
113,M,18,普通座位,优选座位看台区 1819元,113-M-18,0
112,M,18,普通座位,优选座位看台区 1819元,112-M-18,0
113,M,19,普通座位,优选座位看台区 1819元,113-M-19,0
112,M,19,普通座位,优选座位看台区 1819元,112-M-19,0
113,M,20,普通座位,优选座位看台区 1819元,113-M-20,0
112,M,20,普通座位,优选座位看台区 1819元,112-M-20,0
113,M,21,普通座位,优选座位看台区 1819元,113-M-21,0
112,M,21,普通座位,优选座位看台区 1819元,112-M-21,0
113,M,22,普通座位,优选座位看台区 1819元,113-M-22,0
112,M,22,普通座位,优选座位看台区 1819元,112-M-22,0
113,M,23,普通座位,优选座位看台区 1819元,113-M-23,0
112,M,23,普通座位,优选座位看台区 1819元,112-M-23,0
113,M,24,普通座位,优选座位看台区 1819元,113-M-24,0
112,M,24,普通座位,优选座位看台区 1819元,112-M-24,0
113,M,25,普通座位,优选座位看台区 1819元,113-M-25,0
113,M,26,普通座位,优选座位看台区 1819元,113-M-26,0
113,M,27,普通座位,优选座位看台区 1819元,113-M-27,0
114,N,1,普通座位,优选座位看台区 1819元,114-N-1,0
113,N,1,普通座位,优选座位看台区 1819元,113-N-1,0
112,N,1,普通座位,优选座位看台区 1819元,112-N-1,0
111,N,1,普通座位,优选座位看台区 1819元,111-N-1,0
110,N,1,普通座位,优选座位看台区 1819元,110-N-1,0
109,N,1,普通座位,优选座位看台区 1819元,109-N-1,0
114,N,2,普通座位,优选座位看台区 1819元,114-N-2,0
113,N,2,普通座位,优选座位看台区 1819元,113-N-2,0
112,N,2,普通座位,优选座位看台区 1819元,112-N-2,0
111,N,2,普通座位,优选座位看台区 1819元,111-N-2,0
110,N,2,普通座位,优选座位看台区 1819元,110-N-2,0
109,N,2,普通座位,优选座位看台区 1819元,109-N-2,0
114,N,3,普通座位,优选座位看台区 1819元,114-N-3,0
113,N,3,普通座位,优选座位看台区 1819元,113-N-3,0
112,N,3,普通座位,优选座位看台区 1819元,112-N-3,0
111,N,3,普通座位,优选座位看台区 1819元,111-N-3,0
110,N,3,普通座位,优选座位看台区 1819元,110-N-3,0
109,N,3,普通座位,优选座位看台区 1819元,109-N-3,0
114,N,4,普通座位,优选座位看台区 1819元,114-N-4,0
113,N,4,普通座位,优选座位看台区 1819元,113-N-4,0
112,N,4,普通座位,优选座位看台区 1819元,112-N-4,0
111,N,4,普通座位,优选座位看台区 1819元,111-N-4,0
110,N,4,普通座位,优选座位看台区 1819元,110-N-4,0
109,N,4,普通座位,优选座位看台区 1819元,109-N-4,0
114,N,5,普通座位,优选座位看台区 1819元,114-N-5,0
113,N,5,普通座位,优选座位看台区 1819元,113-N-5,0
112,N,5,普通座位,优选座位看台区 1819元,112-N-5,0
111,N,5,普通座位,优选座位看台区 1819元,111-N-5,0
110,N,5,普通座位,优选座位看台区 1819元,110-N-5,0
109,N,5,普通座位,优选座位看台区 1819元,109-N-5,0
114,N,6,普通座位,优选座位看台区 1819元,114-N-6,0
113,N,6,普通座位,优选座位看台区 1819元,113-N-6,0
112,N,6,普通座位,优选座位看台区 1819元,112-N-6,0
111,N,6,普通座位,优选座位看台区 1819元,111-N-6,0
110,N,6,普通座位,优选座位看台区 1819元,110-N-6,0
109,N,6,普通座位,优选座位看台区 1819元,109-N-6,0
113,N,7,普通座位,优选座位看台区 1819元,113-N-7,0
112,N,7,普通座位,优选座位看台区 1819元,112-N-7,0
111,N,7,普通座位,优选座位看台区 1819元,111-N-7,0
110,N,7,普通座位,优选座位看台区 1819元,110-N-7,0
109,N,7,普通座位,优选座位看台区 1819元,109-N-7,0
113,N,8,普通座位,优选座位看台区 1819元,113-N-8,0
112,N,8,普通座位,优选座位看台区 1819元,112-N-8,0
111,N,8,普通座位,优选座位看台区 1819元,111-N-8,0
110,N,8,普通座位,优选座位看台区 1819元,110-N-8,0
109,N,8,普通座位,优选座位看台区 1819元,109-N-8,0
113,N,9,普通座位,优选座位看台区 1819元,113-N-9,0
112,N,9,普通座位,优选座位看台区 1819元,112-N-9,0
111,N,9,普通座位,优选座位看台区 1819元,111-N-9,0
110,N,9,普通座位,优选座位看台区 1819元,110-N-9,0
109,N,9,普通座位,优选座位看台区 1819元,109-N-9,0
113,N,10,普通座位,优选座位看台区 1819元,113-N-10,0
112,N,10,普通座位,优选座位看台区 1819元,112-N-10,0
111,N,10,普通座位,优选座位看台区 1819元,111-N-10,0
110,N,10,普通座位,优选座位看台区 1819元,110-N-10,0
109,N,10,普通座位,优选座位看台区 1819元,109-N-10,0
113,N,11,普通座位,优选座位看台区 1819元,113-N-11,0
112,N,11,普通座位,优选座位看台区 1819元,112-N-11,0
111,N,11,普通座位,优选座位看台区 1819元,111-N-11,0
110,N,11,普通座位,优选座位看台区 1819元,110-N-11,0
109,N,11,普通座位,优选座位看台区 1819元,109-N-11,0
113,N,12,普通座位,优选座位看台区 1819元,113-N-12,0
112,N,12,普通座位,优选座位看台区 1819元,112-N-12,0
111,N,12,普通座位,优选座位看台区 1819元,111-N-12,0
110,N,12,普通座位,优选座位看台区 1819元,110-N-12,0
109,N,12,普通座位,优选座位看台区 1819元,109-N-12,0
113,N,13,普通座位,优选座位看台区 1819元,113-N-13,0
112,N,13,普通座位,优选座位看台区 1819元,112-N-13,0
111,N,13,普通座位,优选座位看台区 1819元,111-N-13,0
110,N,13,普通座位,优选座位看台区 1819元,110-N-13,0
109,N,13,普通座位,优选座位看台区 1819元,109-N-13,0
113,N,14,普通座位,优选座位看台区 1819元,113-N-14,0
112,N,14,普通座位,优选座位看台区 1819元,112-N-14,0
111,N,14,普通座位,优选座位看台区 1819元,111-N-14,0
110,N,14,普通座位,优选座位看台区 1819元,110-N-14,0
109,N,14,普通座位,优选座位看台区 1819元,109-N-14,0
113,N,15,普通座位,优选座位看台区 1819元,113-N-15,0
112,N,15,普通座位,优选座位看台区 1819元,112-N-15,0
111,N,15,普通座位,优选座位看台区 1819元,111-N-15,0
109,N,15,普通座位,优选座位看台区 1819元,109-N-15,0
113,N,16,普通座位,优选座位看台区 1819元,113-N-16,0
112,N,16,普通座位,优选座位看台区 1819元,112-N-16,0
111,N,16,普通座位,优选座位看台区 1819元,111-N-16,0
109,N,16,普通座位,优选座位看台区 1819元,109-N-16,0
113,N,17,普通座位,优选座位看台区 1819元,113-N-17,0
112,N,17,普通座位,优选座位看台区 1819元,112-N-17,0
109,N,17,普通座位,优选座位看台区 1819元,109-N-17,0
113,N,18,普通座位,优选座位看台区 1819元,113-N-18,0
112,N,18,普通座位,优选座位看台区 1819元,112-N-18,0
113,N,19,普通座位,优选座位看台区 1819元,113-N-19,0
112,N,19,普通座位,优选座位看台区 1819元,112-N-19,0
113,N,20,普通座位,优选座位看台区 1819元,113-N-20,0
112,N,20,普通座位,优选座位看台区 1819元,112-N-20,0
113,N,21,普通座位,优选座位看台区 1819元,113-N-21,0
112,N,21,普通座位,优选座位看台区 1819元,112-N-21,0
113,N,22,普通座位,优选座位看台区 1819元,113-N-22,0
112,N,22,普通座位,优选座位看台区 1819元,112-N-22,0
113,N,23,普通座位,优选座位看台区 1819元,113-N-23,0
112,N,23,普通座位,优选座位看台区 1819元,112-N-23,0
113,N,24,普通座位,优选座位看台区 1819元,113-N-24,0
112,N,24,普通座位,优选座位看台区 1819元,112-N-24,0
113,N,25,普通座位,优选座位看台区 1819元,113-N-25,0
113,N,26,普通座位,优选座位看台区 1819元,113-N-26,0
113,N,27,普通座位,优选座位看台区 1819元,113-N-27,0
113,N,28,普通座位,优选座位看台区 1819元,113-N-28,0
114,P,1,普通座位,优选座位看台区 1819元,114-P-1,0
113,P,1,普通座位,优选座位看台区 1819元,113-P-1,0
112,P,1,普通座位,优选座位看台区 1819元,112-P-1,0
111,P,1,普通座位,优选座位看台区 1819元,111-P-1,0
110,P,1,普通座位,优选座位看台区 1819元,110-P-1,0
109,P,1,普通座位,优选座位看台区 1819元,109-P-1,0
114,P,2,普通座位,优选座位看台区 1819元,114-P-2,0
113,P,2,普通座位,优选座位看台区 1819元,113-P-2,0
112,P,2,普通座位,优选座位看台区 1819元,112-P-2,0
111,P,2,普通座位,优选座位看台区 1819元,111-P-2,0
110,P,2,普通座位,优选座位看台区 1819元,110-P-2,0
109,P,2,普通座位,优选座位看台区 1819元,109-P-2,0
114,P,3,普通座位,优选座位看台区 1819元,114-P-3,0
113,P,3,普通座位,优选座位看台区 1819元,113-P-3,0
112,P,3,普通座位,优选座位看台区 1819元,112-P-3,0
111,P,3,普通座位,优选座位看台区 1819元,111-P-3,0
110,P,3,普通座位,优选座位看台区 1819元,110-P-3,0
109,P,3,普通座位,优选座位看台区 1819元,109-P-3,0
114,P,4,普通座位,优选座位看台区 1819元,114-P-4,0
113,P,4,普通座位,优选座位看台区 1819元,113-P-4,0
112,P,4,普通座位,优选座位看台区 1819元,112-P-4,0
111,P,4,普通座位,优选座位看台区 1819元,111-P-4,0
110,P,4,普通座位,优选座位看台区 1819元,110-P-4,0
109,P,4,普通座位,优选座位看台区 1819元,109-P-4,0
114,P,5,普通座位,优选座位看台区 1819元,114-P-5,0
113,P,5,普通座位,优选座位看台区 1819元,113-P-5,0
112,P,5,普通座位,优选座位看台区 1819元,112-P-5,0
111,P,5,普通座位,优选座位看台区 1819元,111-P-5,0
110,P,5,普通座位,优选座位看台区 1819元,110-P-5,0
109,P,5,普通座位,优选座位看台区 1819元,109-P-5,0
114,P,6,普通座位,优选座位看台区 1819元,114-P-6,0
113,P,6,普通座位,优选座位看台区 1819元,113-P-6,0
112,P,6,普通座位,优选座位看台区 1819元,112-P-6,0
111,P,6,普通座位,优选座位看台区 1819元,111-P-6,0
110,P,6,普通座位,优选座位看台区 1819元,110-P-6,0
109,P,6,普通座位,优选座位看台区 1819元,109-P-6,0
113,P,7,普通座位,优选座位看台区 1819元,113-P-7,0
112,P,7,普通座位,优选座位看台区 1819元,112-P-7,0
111,P,7,普通座位,优选座位看台区 1819元,111-P-7,0
110,P,7,普通座位,优选座位看台区 1819元,110-P-7,0
109,P,7,普通座位,优选座位看台区 1819元,109-P-7,0
113,P,8,普通座位,优选座位看台区 1819元,113-P-8,0
112,P,8,普通座位,优选座位看台区 1819元,112-P-8,0
111,P,8,普通座位,优选座位看台区 1819元,111-P-8,0
110,P,8,普通座位,优选座位看台区 1819元,110-P-8,0
109,P,8,普通座位,优选座位看台区 1819元,109-P-8,0
113,P,9,普通座位,优选座位看台区 1819元,113-P-9,0
112,P,9,普通座位,优选座位看台区 1819元,112-P-9,0
111,P,9,普通座位,优选座位看台区 1819元,111-P-9,0
110,P,9,普通座位,优选座位看台区 1819元,110-P-9,0
109,P,9,普通座位,优选座位看台区 1819元,109-P-9,0
113,P,10,普通座位,优选座位看台区 1819元,113-P-10,0
112,P,10,普通座位,优选座位看台区 1819元,112-P-10,0
111,P,10,普通座位,优选座位看台区 1819元,111-P-10,0
110,P,10,普通座位,优选座位看台区 1819元,110-P-10,0
109,P,10,普通座位,优选座位看台区 1819元,109-P-10,0
113,P,11,普通座位,优选座位看台区 1819元,113-P-11,0
112,P,11,普通座位,优选座位看台区 1819元,112-P-11,0
111,P,11,普通座位,优选座位看台区 1819元,111-P-11,0
110,P,11,普通座位,优选座位看台区 1819元,110-P-11,0
109,P,11,普通座位,优选座位看台区 1819元,109-P-11,0
113,P,12,普通座位,优选座位看台区 1819元,113-P-12,0
112,P,12,普通座位,优选座位看台区 1819元,112-P-12,0
111,P,12,普通座位,优选座位看台区 1819元,111-P-12,0
110,P,12,普通座位,优选座位看台区 1819元,110-P-12,0
109,P,12,普通座位,优选座位看台区 1819元,109-P-12,0
113,P,13,普通座位,优选座位看台区 1819元,113-P-13,0
112,P,13,普通座位,优选座位看台区 1819元,112-P-13,0
111,P,13,普通座位,优选座位看台区 1819元,111-P-13,0
110,P,13,普通座位,优选座位看台区 1819元,110-P-13,0
109,P,13,普通座位,优选座位看台区 1819元,109-P-13,0
113,P,14,普通座位,优选座位看台区 1819元,113-P-14,0
112,P,14,普通座位,优选座位看台区 1819元,112-P-14,0
111,P,14,普通座位,优选座位看台区 1819元,111-P-14,0
110,P,14,普通座位,优选座位看台区 1819元,110-P-14,0
109,P,14,普通座位,优选座位看台区 1819元,109-P-14,0
113,P,15,普通座位,优选座位看台区 1819元,113-P-15,0
112,P,15,普通座位,优选座位看台区 1819元,112-P-15,0
111,P,15,普通座位,优选座位看台区 1819元,111-P-15,0
110,P,15,普通座位,优选座位看台区 1819元,110-P-15,0
109,P,15,普通座位,优选座位看台区 1819元,109-P-15,0
113,P,16,普通座位,优选座位看台区 1819元,113-P-16,0
112,P,16,普通座位,优选座位看台区 1819元,112-P-16,0
111,P,16,普通座位,优选座位看台区 1819元,111-P-16,0
110,P,16,普通座位,优选座位看台区 1819元,110-P-16,0
109,P,16,普通座位,优选座位看台区 1819元,109-P-16,0
113,P,17,普通座位,优选座位看台区 1819元,113-P-17,0
112,P,17,普通座位,优选座位看台区 1819元,112-P-17,0
109,P,17,普通座位,优选座位看台区 1819元,109-P-17,0
113,P,18,普通座位,优选座位看台区 1819元,113-P-18,0
112,P,18,普通座位,优选座位看台区 1819元,112-P-18,0
113,P,19,普通座位,优选座位看台区 1819元,113-P-19,0
112,P,19,普通座位,优选座位看台区 1819元,112-P-19,0
113,P,20,普通座位,优选座位看台区 1819元,113-P-20,0
112,P,20,普通座位,优选座位看台区 1819元,112-P-20,0
113,P,21,普通座位,优选座位看台区 1819元,113-P-21,0
112,P,21,普通座位,优选座位看台区 1819元,112-P-21,0
113,P,22,普通座位,优选座位看台区 1819元,113-P-22,0
112,P,22,普通座位,优选座位看台区 1819元,112-P-22,0
113,P,23,普通座位,优选座位看台区 1819元,113-P-23,0
112,P,23,普通座位,优选座位看台区 1819元,112-P-23,0
113,P,24,普通座位,优选座位看台区 1819元,113-P-24,0
112,P,24,普通座位,优选座位看台区 1819元,112-P-24,0
113,P,25,普通座位,优选座位看台区 1819元,113-P-25,0
113,P,26,普通座位,优选座位看台区 1819元,113-P-26,0
113,P,27,普通座位,优选座位看台区 1819元,113-P-27,0
113,P,28,普通座位,优选座位看台区 1819元,113-P-28,0
114,Q,1,普通座位,优选座位看台区 1819元,114-Q-1,0
113,Q,1,普通座位,优选座位看台区 1819元,113-Q-1,0
112,Q,1,普通座位,优选座位看台区 1819元,112-Q-1,0
111,Q,1,普通座位,优选座位看台区 1819元,111-Q-1,0
110,Q,1,普通座位,优选座位看台区 1819元,110-Q-1,0
109,Q,1,普通座位,优选座位看台区 1819元,109-Q-1,0
114,Q,2,普通座位,优选座位看台区 1819元,114-Q-2,0
113,Q,2,普通座位,优选座位看台区 1819元,113-Q-2,0
112,Q,2,普通座位,优选座位看台区 1819元,112-Q-2,0
111,Q,2,普通座位,优选座位看台区 1819元,111-Q-2,0
110,Q,2,普通座位,优选座位看台区 1819元,110-Q-2,0
109,Q,2,普通座位,优选座位看台区 1819元,109-Q-2,0
114,Q,3,普通座位,优选座位看台区 1819元,114-Q-3,0
113,Q,3,普通座位,优选座位看台区 1819元,113-Q-3,0
112,Q,3,普通座位,优选座位看台区 1819元,112-Q-3,0
111,Q,3,普通座位,优选座位看台区 1819元,111-Q-3,0
110,Q,3,普通座位,优选座位看台区 1819元,110-Q-3,0
109,Q,3,普通座位,优选座位看台区 1819元,109-Q-3,0
114,Q,4,普通座位,优选座位看台区 1819元,114-Q-4,0
113,Q,4,普通座位,优选座位看台区 1819元,113-Q-4,0
112,Q,4,普通座位,优选座位看台区 1819元,112-Q-4,0
111,Q,4,普通座位,优选座位看台区 1819元,111-Q-4,0
110,Q,4,普通座位,优选座位看台区 1819元,110-Q-4,0
109,Q,4,普通座位,优选座位看台区 1819元,109-Q-4,0
114,Q,5,普通座位,优选座位看台区 1819元,114-Q-5,0
113,Q,5,普通座位,优选座位看台区 1819元,113-Q-5,0
112,Q,5,普通座位,优选座位看台区 1819元,112-Q-5,0
111,Q,5,普通座位,优选座位看台区 1819元,111-Q-5,0
110,Q,5,普通座位,优选座位看台区 1819元,110-Q-5,0
109,Q,5,普通座位,优选座位看台区 1819元,109-Q-5,0
114,Q,6,普通座位,优选座位看台区 1819元,114-Q-6,0
113,Q,6,普通座位,优选座位看台区 1819元,113-Q-6,0
112,Q,6,普通座位,优选座位看台区 1819元,112-Q-6,0
111,Q,6,普通座位,优选座位看台区 1819元,111-Q-6,0
110,Q,6,普通座位,优选座位看台区 1819元,110-Q-6,0
109,Q,6,普通座位,优选座位看台区 1819元,109-Q-6,0
113,Q,7,普通座位,优选座位看台区 1819元,113-Q-7,0
112,Q,7,普通座位,优选座位看台区 1819元,112-Q-7,0
111,Q,7,普通座位,优选座位看台区 1819元,111-Q-7,0
110,Q,7,普通座位,优选座位看台区 1819元,110-Q-7,0
109,Q,7,普通座位,优选座位看台区 1819元,109-Q-7,0
113,Q,8,普通座位,优选座位看台区 1819元,113-Q-8,0
112,Q,8,普通座位,优选座位看台区 1819元,112-Q-8,0
111,Q,8,普通座位,优选座位看台区 1819元,111-Q-8,0
110,Q,8,普通座位,优选座位看台区 1819元,110-Q-8,0
109,Q,8,普通座位,优选座位看台区 1819元,109-Q-8,0
113,Q,9,普通座位,优选座位看台区 1819元,113-Q-9,0
112,Q,9,普通座位,优选座位看台区 1819元,112-Q-9,0
111,Q,9,普通座位,优选座位看台区 1819元,111-Q-9,0
110,Q,9,普通座位,优选座位看台区 1819元,110-Q-9,0
109,Q,9,普通座位,优选座位看台区 1819元,109-Q-9,0
113,Q,10,普通座位,优选座位看台区 1819元,113-Q-10,0
112,Q,10,普通座位,优选座位看台区 1819元,112-Q-10,0
111,Q,10,普通座位,优选座位看台区 1819元,111-Q-10,0
110,Q,10,普通座位,优选座位看台区 1819元,110-Q-10,0
109,Q,10,普通座位,优选座位看台区 1819元,109-Q-10,0
113,Q,11,普通座位,优选座位看台区 1819元,113-Q-11,0
112,Q,11,普通座位,优选座位看台区 1819元,112-Q-11,0
111,Q,11,普通座位,优选座位看台区 1819元,111-Q-11,0
110,Q,11,普通座位,优选座位看台区 1819元,110-Q-11,0
109,Q,11,普通座位,优选座位看台区 1819元,109-Q-11,0
113,Q,12,普通座位,优选座位看台区 1819元,113-Q-12,0
112,Q,12,普通座位,优选座位看台区 1819元,112-Q-12,0
111,Q,12,普通座位,优选座位看台区 1819元,111-Q-12,0
110,Q,12,普通座位,优选座位看台区 1819元,110-Q-12,0
109,Q,12,普通座位,优选座位看台区 1819元,109-Q-12,0
113,Q,13,普通座位,优选座位看台区 1819元,113-Q-13,0
112,Q,13,普通座位,优选座位看台区 1819元,112-Q-13,0
111,Q,13,普通座位,优选座位看台区 1819元,111-Q-13,0
110,Q,13,普通座位,优选座位看台区 1819元,110-Q-13,0
109,Q,13,普通座位,优选座位看台区 1819元,109-Q-13,0
113,Q,14,普通座位,优选座位看台区 1819元,113-Q-14,0
112,Q,14,普通座位,优选座位看台区 1819元,112-Q-14,0
111,Q,14,普通座位,优选座位看台区 1819元,111-Q-14,0
110,Q,14,普通座位,优选座位看台区 1819元,110-Q-14,0
109,Q,14,普通座位,优选座位看台区 1819元,109-Q-14,0
113,Q,15,普通座位,优选座位看台区 1819元,113-Q-15,0
112,Q,15,普通座位,优选座位看台区 1819元,112-Q-15,0
111,Q,15,普通座位,优选座位看台区 1819元,111-Q-15,0
110,Q,15,普通座位,优选座位看台区 1819元,110-Q-15,0
113,Q,16,普通座位,优选座位看台区 1819元,113-Q-16,0
112,Q,16,普通座位,优选座位看台区 1819元,112-Q-16,0
111,Q,16,普通座位,优选座位看台区 1819元,111-Q-16,0
110,Q,16,普通座位,优选座位看台区 1819元,110-Q-16,0
113,Q,17,普通座位,优选座位看台区 1819元,113-Q-17,0
112,Q,17,普通座位,优选座位看台区 1819元,112-Q-17,0
111,Q,17,普通座位,优选座位看台区 1819元,111-Q-17,0
110,Q,17,普通座位,优选座位看台区 1819元,110-Q-17,0
113,Q,18,普通座位,优选座位看台区 1819元,113-Q-18,0
112,Q,18,普通座位,优选座位看台区 1819元,112-Q-18,0
113,Q,19,普通座位,优选座位看台区 1819元,113-Q-19,0
112,Q,19,普通座位,优选座位看台区 1819元,112-Q-19,0
113,Q,20,普通座位,优选座位看台区 1819元,113-Q-20,0
112,Q,20,普通座位,优选座位看台区 1819元,112-Q-20,0
113,Q,21,普通座位,优选座位看台区 1819元,113-Q-21,0
112,Q,21,普通座位,优选座位看台区 1819元,112-Q-21,0
113,Q,22,普通座位,优选座位看台区 1819元,113-Q-22,0
112,Q,22,普通座位,优选座位看台区 1819元,112-Q-22,0
113,Q,23,普通座位,优选座位看台区 1819元,113-Q-23,0
112,Q,23,普通座位,优选座位看台区 1819元,112-Q-23,0
113,Q,24,普通座位,优选座位看台区 1819元,113-Q-24,0
112,Q,24,普通座位,优选座位看台区 1819元,112-Q-24,0
113,Q,25,普通座位,优选座位看台区 1819元,113-Q-25,0
112,Q,25,普通座位,优选座位看台区 1819元,112-Q-25,0
113,Q,26,普通座位,优选座位看台区 1819元,113-Q-26,0
113,Q,27,普通座位,优选座位看台区 1819元,113-Q-27,0
113,Q,28,普通座位,优选座位看台区 1819元,113-Q-28,0
114,R,1,普通座位,优选座位看台区 1819元,114-R-1,0
113,R,1,普通座位,优选座位看台区 1819元,113-R-1,0
112,R,1,普通座位,优选座位看台区 1819元,112-R-1,0
111,R,1,普通座位,优选座位看台区 1819元,111-R-1,0
110,R,1,普通座位,优选座位看台区 1819元,110-R-1,0
114,R,2,普通座位,优选座位看台区 1819元,114-R-2,0
113,R,2,普通座位,优选座位看台区 1819元,113-R-2,0
112,R,2,普通座位,优选座位看台区 1819元,112-R-2,0
111,R,2,普通座位,优选座位看台区 1819元,111-R-2,0
110,R,2,普通座位,优选座位看台区 1819元,110-R-2,0
114,R,3,普通座位,优选座位看台区 1819元,114-R-3,0
113,R,3,普通座位,优选座位看台区 1819元,113-R-3,0
112,R,3,普通座位,优选座位看台区 1819元,112-R-3,0
111,R,3,普通座位,优选座位看台区 1819元,111-R-3,0
110,R,3,普通座位,优选座位看台区 1819元,110-R-3,0
114,R,4,普通座位,优选座位看台区 1819元,114-R-4,0
113,R,4,普通座位,优选座位看台区 1819元,113-R-4,0
112,R,4,普通座位,优选座位看台区 1819元,112-R-4,0
111,R,4,普通座位,优选座位看台区 1819元,111-R-4,0
110,R,4,普通座位,优选座位看台区 1819元,110-R-4,0
114,R,5,普通座位,优选座位看台区 1819元,114-R-5,0
113,R,5,普通座位,优选座位看台区 1819元,113-R-5,0
112,R,5,普通座位,优选座位看台区 1819元,112-R-5,0
111,R,5,普通座位,优选座位看台区 1819元,111-R-5,0
110,R,5,普通座位,优选座位看台区 1819元,110-R-5,0
114,R,6,普通座位,优选座位看台区 1819元,114-R-6,0
113,R,6,普通座位,优选座位看台区 1819元,113-R-6,0
112,R,6,普通座位,优选座位看台区 1819元,112-R-6,0
111,R,6,普通座位,优选座位看台区 1819元,111-R-6,0
110,R,6,普通座位,优选座位看台区 1819元,110-R-6,0
113,R,7,普通座位,优选座位看台区 1819元,113-R-7,0
112,R,7,普通座位,优选座位看台区 1819元,112-R-7,0
111,R,7,普通座位,优选座位看台区 1819元,111-R-7,0
110,R,7,普通座位,优选座位看台区 1819元,110-R-7,0
113,R,8,普通座位,优选座位看台区 1819元,113-R-8,0
112,R,8,普通座位,优选座位看台区 1819元,112-R-8,0
111,R,8,普通座位,优选座位看台区 1819元,111-R-8,0
110,R,8,普通座位,优选座位看台区 1819元,110-R-8,0
113,R,9,普通座位,优选座位看台区 1819元,113-R-9,0
112,R,9,普通座位,优选座位看台区 1819元,112-R-9,0
111,R,9,普通座位,优选座位看台区 1819元,111-R-9,0
110,R,9,普通座位,优选座位看台区 1819元,110-R-9,0
113,R,10,普通座位,优选座位看台区 1819元,113-R-10,0
112,R,10,普通座位,优选座位看台区 1819元,112-R-10,0
111,R,10,普通座位,优选座位看台区 1819元,111-R-10,0
110,R,10,普通座位,优选座位看台区 1819元,110-R-10,0
113,R,11,普通座位,优选座位看台区 1819元,113-R-11,0
112,R,11,普通座位,优选座位看台区 1819元,112-R-11,0
111,R,11,普通座位,优选座位看台区 1819元,111-R-11,0
110,R,11,普通座位,优选座位看台区 1819元,110-R-11,0
113,R,12,普通座位,优选座位看台区 1819元,113-R-12,0
112,R,12,普通座位,优选座位看台区 1819元,112-R-12,0
111,R,12,普通座位,优选座位看台区 1819元,111-R-12,0
110,R,12,普通座位,优选座位看台区 1819元,110-R-12,0
113,R,13,普通座位,优选座位看台区 1819元,113-R-13,0
112,R,13,普通座位,优选座位看台区 1819元,112-R-13,0
111,R,13,普通座位,优选座位看台区 1819元,111-R-13,0
110,R,13,普通座位,优选座位看台区 1819元,110-R-13,0
113,R,14,普通座位,优选座位看台区 1819元,113-R-14,0
112,R,14,普通座位,优选座位看台区 1819元,112-R-14,0
111,R,14,普通座位,优选座位看台区 1819元,111-R-14,0
110,R,14,普通座位,优选座位看台区 1819元,110-R-14,0
113,R,15,普通座位,优选座位看台区 1819元,113-R-15,0
112,R,15,普通座位,优选座位看台区 1819元,112-R-15,0
111,R,15,普通座位,优选座位看台区 1819元,111-R-15,0
110,R,15,普通座位,优选座位看台区 1819元,110-R-15,0
113,R,16,普通座位,优选座位看台区 1819元,113-R-16,0
112,R,16,普通座位,优选座位看台区 1819元,112-R-16,0
111,R,16,普通座位,优选座位看台区 1819元,111-R-16,0
110,R,16,普通座位,优选座位看台区 1819元,110-R-16,0
113,R,17,普通座位,优选座位看台区 1819元,113-R-17,0
112,R,17,普通座位,优选座位看台区 1819元,112-R-17,0
111,R,17,普通座位,优选座位看台区 1819元,111-R-17,0
110,R,17,普通座位,优选座位看台区 1819元,110-R-17,0
113,R,18,普通座位,优选座位看台区 1819元,113-R-18,0
112,R,18,普通座位,优选座位看台区 1819元,112-R-18,0
110,R,18,普通座位,优选座位看台区 1819元,110-R-18,0
113,R,19,普通座位,优选座位看台区 1819元,113-R-19,0
112,R,19,普通座位,优选座位看台区 1819元,112-R-19,0
113,R,20,普通座位,优选座位看台区 1819元,113-R-20,0
112,R,20,普通座位,优选座位看台区 1819元,112-R-20,0
113,R,21,普通座位,优选座位看台区 1819元,113-R-21,0
112,R,21,普通座位,优选座位看台区 1819元,112-R-21,0
113,R,22,普通座位,优选座位看台区 1819元,113-R-22,0
112,R,22,普通座位,优选座位看台区 1819元,112-R-22,0
113,R,23,普通座位,优选座位看台区 1819元,113-R-23,0
112,R,23,普通座位,优选座位看台区 1819元,112-R-23,0
113,R,24,普通座位,优选座位看台区 1819元,113-R-24,0
112,R,24,普通座位,优选座位看台区 1819元,112-R-24,0
113,R,25,普通座位,优选座位看台区 1819元,113-R-25,0
112,R,25,普通座位,优选座位看台区 1819元,112-R-25,0
113,R,26,普通座位,优选座位看台区 1819元,113-R-26,0
113,R,27,普通座位,优选座位看台区 1819元,113-R-27,0
114,S,1,普通座位,优选座位看台区 1819元,114-S-1,0
113,S,1,普通座位,优选座位看台区 1819元,113-S-1,0
112,S,1,普通座位,优选座位看台区 1819元,112-S-1,0
111,S,1,普通座位,优选座位看台区 1819元,111-S-1,0
110,S,1,普通座位,优选座位看台区 1819元,110-S-1,0
114,S,2,普通座位,优选座位看台区 1819元,114-S-2,0
113,S,2,普通座位,优选座位看台区 1819元,113-S-2,0
112,S,2,普通座位,优选座位看台区 1819元,112-S-2,0
111,S,2,普通座位,优选座位看台区 1819元,111-S-2,0
110,S,2,普通座位,优选座位看台区 1819元,110-S-2,0
114,S,3,普通座位,优选座位看台区 1819元,114-S-3,0
113,S,3,普通座位,优选座位看台区 1819元,113-S-3,0
112,S,3,普通座位,优选座位看台区 1819元,112-S-3,0
111,S,3,普通座位,优选座位看台区 1819元,111-S-3,0
110,S,3,普通座位,优选座位看台区 1819元,110-S-3,0
114,S,4,普通座位,优选座位看台区 1819元,114-S-4,0
113,S,4,普通座位,优选座位看台区 1819元,113-S-4,0
112,S,4,普通座位,优选座位看台区 1819元,112-S-4,0
111,S,4,普通座位,优选座位看台区 1819元,111-S-4,0
110,S,4,普通座位,优选座位看台区 1819元,110-S-4,0
114,S,5,普通座位,优选座位看台区 1819元,114-S-5,0
113,S,5,普通座位,优选座位看台区 1819元,113-S-5,0
112,S,5,普通座位,优选座位看台区 1819元,112-S-5,0
111,S,5,普通座位,优选座位看台区 1819元,111-S-5,0
110,S,5,普通座位,优选座位看台区 1819元,110-S-5,0
114,S,6,普通座位,优选座位看台区 1819元,114-S-6,0
113,S,6,普通座位,优选座位看台区 1819元,113-S-6,0
112,S,6,普通座位,优选座位看台区 1819元,112-S-6,0
111,S,6,普通座位,优选座位看台区 1819元,111-S-6,0
110,S,6,普通座位,优选座位看台区 1819元,110-S-6,0
113,S,7,普通座位,优选座位看台区 1819元,113-S-7,0
112,S,7,普通座位,优选座位看台区 1819元,112-S-7,0
111,S,7,普通座位,优选座位看台区 1819元,111-S-7,0
110,S,7,普通座位,优选座位看台区 1819元,110-S-7,0
113,S,8,普通座位,优选座位看台区 1819元,113-S-8,0
112,S,8,普通座位,优选座位看台区 1819元,112-S-8,0
111,S,8,普通座位,优选座位看台区 1819元,111-S-8,0
110,S,8,普通座位,优选座位看台区 1819元,110-S-8,0
113,S,9,普通座位,优选座位看台区 1819元,113-S-9,0
112,S,9,普通座位,优选座位看台区 1819元,112-S-9,0
111,S,9,普通座位,优选座位看台区 1819元,111-S-9,0
110,S,9,普通座位,优选座位看台区 1819元,110-S-9,0
113,S,10,普通座位,优选座位看台区 1819元,113-S-10,0
112,S,10,普通座位,优选座位看台区 1819元,112-S-10,0
111,S,10,普通座位,优选座位看台区 1819元,111-S-10,0
110,S,10,普通座位,优选座位看台区 1819元,110-S-10,0
113,S,11,普通座位,优选座位看台区 1819元,113-S-11,0
112,S,11,普通座位,优选座位看台区 1819元,112-S-11,0
111,S,11,普通座位,优选座位看台区 1819元,111-S-11,0
110,S,11,普通座位,优选座位看台区 1819元,110-S-11,0
113,S,12,普通座位,优选座位看台区 1819元,113-S-12,0
112,S,12,普通座位,优选座位看台区 1819元,112-S-12,0
111,S,12,普通座位,优选座位看台区 1819元,111-S-12,0
110,S,12,普通座位,优选座位看台区 1819元,110-S-12,0
113,S,13,普通座位,优选座位看台区 1819元,113-S-13,0
112,S,13,普通座位,优选座位看台区 1819元,112-S-13,0
111,S,13,普通座位,优选座位看台区 1819元,111-S-13,0
110,S,13,普通座位,优选座位看台区 1819元,110-S-13,0
113,S,14,普通座位,优选座位看台区 1819元,113-S-14,0
112,S,14,普通座位,优选座位看台区 1819元,112-S-14,0
111,S,14,普通座位,优选座位看台区 1819元,111-S-14,0
110,S,14,普通座位,优选座位看台区 1819元,110-S-14,0
113,S,15,普通座位,优选座位看台区 1819元,113-S-15,0
112,S,15,普通座位,优选座位看台区 1819元,112-S-15,0
111,S,15,普通座位,优选座位看台区 1819元,111-S-15,0
110,S,15,普通座位,优选座位看台区 1819元,110-S-15,0
113,S,16,普通座位,优选座位看台区 1819元,113-S-16,0
112,S,16,普通座位,优选座位看台区 1819元,112-S-16,0
111,S,16,普通座位,优选座位看台区 1819元,111-S-16,0
110,S,16,普通座位,优选座位看台区 1819元,110-S-16,0
113,S,17,普通座位,优选座位看台区 1819元,113-S-17,0
112,S,17,普通座位,优选座位看台区 1819元,112-S-17,0
111,S,17,普通座位,优选座位看台区 1819元,111-S-17,0
110,S,17,普通座位,优选座位看台区 1819元,110-S-17,0
113,S,18,普通座位,优选座位看台区 1819元,113-S-18,0
112,S,18,普通座位,优选座位看台区 1819元,112-S-18,0
111,S,18,普通座位,优选座位看台区 1819元,111-S-18,0
110,S,18,普通座位,优选座位看台区 1819元,110-S-18,0
113,S,19,普通座位,优选座位看台区 1819元,113-S-19,0
112,S,19,普通座位,优选座位看台区 1819元,112-S-19,0
110,S,19,普通座位,优选座位看台区 1819元,110-S-19,0
113,S,20,普通座位,优选座位看台区 1819元,113-S-20,0
112,S,20,普通座位,优选座位看台区 1819元,112-S-20,0
113,S,21,普通座位,优选座位看台区 1819元,113-S-21,0
112,S,21,普通座位,优选座位看台区 1819元,112-S-21,0
113,S,22,普通座位,优选座位看台区 1819元,113-S-22,0
112,S,22,普通座位,优选座位看台区 1819元,112-S-22,0
113,S,23,普通座位,优选座位看台区 1819元,113-S-23,0
112,S,23,普通座位,优选座位看台区 1819元,112-S-23,0
113,S,24,普通座位,优选座位看台区 1819元,113-S-24,0
112,S,24,普通座位,优选座位看台区 1819元,112-S-24,0
113,S,25,普通座位,优选座位看台区 1819元,113-S-25,0
112,S,25,普通座位,优选座位看台区 1819元,112-S-25,0
113,S,26,普通座位,优选座位看台区 1819元,113-S-26,0
113,S,27,普通座位,优选座位看台区 1819元,113-S-27,0
113,S,28,普通座位,优选座位看台区 1819元,113-S-28,0
113,S,29,普通座位,优选座位看台区 1819元,113-S-29,0
114,T,1,普通座位,优选座位看台区 1819元,114-T-1,0
113,T,1,普通座位,优选座位看台区 1819元,113-T-1,0
112,T,1,普通座位,优选座位看台区 1819元,112-T-1,0
111,T,1,普通座位,优选座位看台区 1819元,111-T-1,0
110,T,1,普通座位,优选座位看台区 1819元,110-T-1,0
114,T,2,普通座位,优选座位看台区 1819元,114-T-2,0
113,T,2,普通座位,优选座位看台区 1819元,113-T-2,0
112,T,2,普通座位,优选座位看台区 1819元,112-T-2,0
111,T,2,普通座位,优选座位看台区 1819元,111-T-2,0
110,T,2,普通座位,优选座位看台区 1819元,110-T-2,0
114,T,3,普通座位,优选座位看台区 1819元,114-T-3,0
113,T,3,普通座位,优选座位看台区 1819元,113-T-3,0
112,T,3,普通座位,优选座位看台区 1819元,112-T-3,0
111,T,3,普通座位,优选座位看台区 1819元,111-T-3,0
110,T,3,普通座位,优选座位看台区 1819元,110-T-3,0
114,T,4,普通座位,优选座位看台区 1819元,114-T-4,0
113,T,4,普通座位,优选座位看台区 1819元,113-T-4,0
112,T,4,普通座位,优选座位看台区 1819元,112-T-4,0
111,T,4,普通座位,优选座位看台区 1819元,111-T-4,0
110,T,4,普通座位,优选座位看台区 1819元,110-T-4,0
114,T,5,普通座位,优选座位看台区 1819元,114-T-5,0
113,T,5,普通座位,优选座位看台区 1819元,113-T-5,0
112,T,5,普通座位,优选座位看台区 1819元,112-T-5,0
111,T,5,普通座位,优选座位看台区 1819元,111-T-5,0
110,T,5,普通座位,优选座位看台区 1819元,110-T-5,0
114,T,6,普通座位,优选座位看台区 1819元,114-T-6,0
113,T,6,普通座位,优选座位看台区 1819元,113-T-6,0
112,T,6,普通座位,优选座位看台区 1819元,112-T-6,0
111,T,6,普通座位,优选座位看台区 1819元,111-T-6,0
110,T,6,普通座位,优选座位看台区 1819元,110-T-6,0
113,T,7,普通座位,优选座位看台区 1819元,113-T-7,0
112,T,7,普通座位,优选座位看台区 1819元,112-T-7,0
111,T,7,普通座位,优选座位看台区 1819元,111-T-7,0
110,T,7,普通座位,优选座位看台区 1819元,110-T-7,0
113,T,8,普通座位,优选座位看台区 1819元,113-T-8,0
112,T,8,普通座位,优选座位看台区 1819元,112-T-8,0
111,T,8,普通座位,优选座位看台区 1819元,111-T-8,0
110,T,8,普通座位,优选座位看台区 1819元,110-T-8,0
113,T,9,普通座位,优选座位看台区 1819元,113-T-9,0
112,T,9,普通座位,优选座位看台区 1819元,112-T-9,0
111,T,9,普通座位,优选座位看台区 1819元,111-T-9,0
110,T,9,普通座位,优选座位看台区 1819元,110-T-9,0
113,T,10,普通座位,优选座位看台区 1819元,113-T-10,0
112,T,10,普通座位,优选座位看台区 1819元,112-T-10,0
111,T,10,普通座位,优选座位看台区 1819元,111-T-10,0
110,T,10,普通座位,优选座位看台区 1819元,110-T-10,0
113,T,11,普通座位,优选座位看台区 1819元,113-T-11,0
112,T,11,普通座位,优选座位看台区 1819元,112-T-11,0
111,T,11,普通座位,优选座位看台区 1819元,111-T-11,0
110,T,11,普通座位,优选座位看台区 1819元,110-T-11,0
113,T,12,普通座位,优选座位看台区 1819元,113-T-12,0
112,T,12,普通座位,优选座位看台区 1819元,112-T-12,0
111,T,12,普通座位,优选座位看台区 1819元,111-T-12,0
110,T,12,普通座位,优选座位看台区 1819元,110-T-12,0
113,T,13,普通座位,优选座位看台区 1819元,113-T-13,0
112,T,13,普通座位,优选座位看台区 1819元,112-T-13,0
111,T,13,普通座位,优选座位看台区 1819元,111-T-13,0
110,T,13,普通座位,优选座位看台区 1819元,110-T-13,0
113,T,14,普通座位,优选座位看台区 1819元,113-T-14,0
112,T,14,普通座位,优选座位看台区 1819元,112-T-14,0
111,T,14,普通座位,优选座位看台区 1819元,111-T-14,0
110,T,14,普通座位,优选座位看台区 1819元,110-T-14,0
113,T,15,普通座位,优选座位看台区 1819元,113-T-15,0
112,T,15,普通座位,优选座位看台区 1819元,112-T-15,0
111,T,15,普通座位,优选座位看台区 1819元,111-T-15,0
110,T,15,普通座位,优选座位看台区 1819元,110-T-15,0
113,T,16,普通座位,优选座位看台区 1819元,113-T-16,0
112,T,16,普通座位,优选座位看台区 1819元,112-T-16,0
111,T,16,普通座位,优选座位看台区 1819元,111-T-16,0
110,T,16,普通座位,优选座位看台区 1819元,110-T-16,0
113,T,17,普通座位,优选座位看台区 1819元,113-T-17,0
112,T,17,普通座位,优选座位看台区 1819元,112-T-17,0
111,T,17,普通座位,优选座位看台区 1819元,111-T-17,0
110,T,17,普通座位,优选座位看台区 1819元,110-T-17,0
113,T,18,普通座位,优选座位看台区 1819元,113-T-18,0
112,T,18,普通座位,优选座位看台区 1819元,112-T-18,0
111,T,18,普通座位,优选座位看台区 1819元,111-T-18,0
110,T,18,普通座位,优选座位看台区 1819元,110-T-18,0
113,T,19,普通座位,优选座位看台区 1819元,113-T-19,0
112,T,19,普通座位,优选座位看台区 1819元,112-T-19,0
110,T,19,普通座位,优选座位看台区 1819元,110-T-19,0
113,T,20,普通座位,优选座位看台区 1819元,113-T-20,0
112,T,20,普通座位,优选座位看台区 1819元,112-T-20,0
110,T,20,普通座位,优选座位看台区 1819元,110-T-20,0
113,T,21,普通座位,优选座位看台区 1819元,113-T-21,0
112,T,21,普通座位,优选座位看台区 1819元,112-T-21,0
113,T,22,普通座位,优选座位看台区 1819元,113-T-22,0
112,T,22,普通座位,优选座位看台区 1819元,112-T-22,0
113,T,23,普通座位,优选座位看台区 1819元,113-T-23,0
112,T,23,普通座位,优选座位看台区 1819元,112-T-23,0
113,T,24,普通座位,优选座位看台区 1819元,113-T-24,0
112,T,24,普通座位,优选座位看台区 1819元,112-T-24,0
113,T,25,普通座位,优选座位看台区 1819元,113-T-25,0
112,T,25,普通座位,优选座位看台区 1819元,112-T-25,0
113,T,26,普通座位,优选座位看台区 1819元,113-T-26,0
113,T,27,普通座位,优选座位看台区 1819元,113-T-27,0
113,T,28,普通座位,优选座位看台区 1819元,113-T-28,0
113,T,29,普通座位,优选座位看台区 1819元,113-T-29,0
114,U,1,普通座位,优选座位看台区 1819元,114-U-1,0
113,U,1,普通座位,优选座位看台区 1819元,113-U-1,0
112,U,1,普通座位,优选座位看台区 1819元,112-U-1,0
111,U,1,普通座位,优选座位看台区 1819元,111-U-1,0
110,U,1,普通座位,优选座位看台区 1819元,110-U-1,0
114,U,2,普通座位,优选座位看台区 1819元,114-U-2,0
113,U,2,普通座位,优选座位看台区 1819元,113-U-2,0
112,U,2,普通座位,优选座位看台区 1819元,112-U-2,0
111,U,2,普通座位,优选座位看台区 1819元,111-U-2,0
110,U,2,普通座位,优选座位看台区 1819元,110-U-2,0
114,U,3,普通座位,优选座位看台区 1819元,114-U-3,0
113,U,3,普通座位,优选座位看台区 1819元,113-U-3,0
112,U,3,普通座位,优选座位看台区 1819元,112-U-3,0
111,U,3,普通座位,优选座位看台区 1819元,111-U-3,0
110,U,3,普通座位,优选座位看台区 1819元,110-U-3,0
114,U,4,普通座位,优选座位看台区 1819元,114-U-4,0
113,U,4,普通座位,优选座位看台区 1819元,113-U-4,0
112,U,4,普通座位,优选座位看台区 1819元,112-U-4,0
111,U,4,普通座位,优选座位看台区 1819元,111-U-4,0
110,U,4,普通座位,优选座位看台区 1819元,110-U-4,0
114,U,5,普通座位,优选座位看台区 1819元,114-U-5,0
113,U,5,普通座位,优选座位看台区 1819元,113-U-5,0
112,U,5,普通座位,优选座位看台区 1819元,112-U-5,0
111,U,5,普通座位,优选座位看台区 1819元,111-U-5,0
110,U,5,普通座位,优选座位看台区 1819元,110-U-5,0
114,U,6,普通座位,优选座位看台区 1819元,114-U-6,0
113,U,6,普通座位,优选座位看台区 1819元,113-U-6,0
112,U,6,普通座位,优选座位看台区 1819元,112-U-6,0
111,U,6,普通座位,优选座位看台区 1819元,111-U-6,0
110,U,6,普通座位,优选座位看台区 1819元,110-U-6,0
113,U,7,普通座位,优选座位看台区 1819元,113-U-7,0
112,U,7,普通座位,优选座位看台区 1819元,112-U-7,0
111,U,7,普通座位,优选座位看台区 1819元,111-U-7,0
110,U,7,普通座位,优选座位看台区 1819元,110-U-7,0
113,U,8,普通座位,优选座位看台区 1819元,113-U-8,0
112,U,8,普通座位,优选座位看台区 1819元,112-U-8,0
111,U,8,普通座位,优选座位看台区 1819元,111-U-8,0
110,U,8,普通座位,优选座位看台区 1819元,110-U-8,0
113,U,9,普通座位,优选座位看台区 1819元,113-U-9,0
112,U,9,普通座位,优选座位看台区 1819元,112-U-9,0
111,U,9,普通座位,优选座位看台区 1819元,111-U-9,0
110,U,9,普通座位,优选座位看台区 1819元,110-U-9,0
113,U,10,普通座位,优选座位看台区 1819元,113-U-10,0
112,U,10,普通座位,优选座位看台区 1819元,112-U-10,0
111,U,10,普通座位,优选座位看台区 1819元,111-U-10,0
110,U,10,普通座位,优选座位看台区 1819元,110-U-10,0
113,U,11,普通座位,优选座位看台区 1819元,113-U-11,0
112,U,11,普通座位,优选座位看台区 1819元,112-U-11,0
111,U,11,普通座位,优选座位看台区 1819元,111-U-11,0
110,U,11,普通座位,优选座位看台区 1819元,110-U-11,0
113,U,12,普通座位,优选座位看台区 1819元,113-U-12,0
112,U,12,普通座位,优选座位看台区 1819元,112-U-12,0
111,U,12,普通座位,优选座位看台区 1819元,111-U-12,0
110,U,12,普通座位,优选座位看台区 1819元,110-U-12,0
113,U,13,普通座位,优选座位看台区 1819元,113-U-13,0
112,U,13,普通座位,优选座位看台区 1819元,112-U-13,0
111,U,13,普通座位,优选座位看台区 1819元,111-U-13,0
110,U,13,普通座位,优选座位看台区 1819元,110-U-13,0
113,U,14,普通座位,优选座位看台区 1819元,113-U-14,0
112,U,14,普通座位,优选座位看台区 1819元,112-U-14,0
111,U,14,普通座位,优选座位看台区 1819元,111-U-14,0
110,U,14,普通座位,优选座位看台区 1819元,110-U-14,0
113,U,15,普通座位,优选座位看台区 1819元,113-U-15,0
112,U,15,普通座位,优选座位看台区 1819元,112-U-15,0
111,U,15,普通座位,优选座位看台区 1819元,111-U-15,0
110,U,15,普通座位,优选座位看台区 1819元,110-U-15,0
113,U,16,普通座位,优选座位看台区 1819元,113-U-16,0
112,U,16,普通座位,优选座位看台区 1819元,112-U-16,0
111,U,16,普通座位,优选座位看台区 1819元,111-U-16,0
113,U,17,普通座位,优选座位看台区 1819元,113-U-17,0
112,U,17,普通座位,优选座位看台区 1819元,112-U-17,0
111,U,17,普通座位,优选座位看台区 1819元,111-U-17,0
113,U,18,普通座位,优选座位看台区 1819元,113-U-18,0
112,U,18,普通座位,优选座位看台区 1819元,112-U-18,0
111,U,18,普通座位,优选座位看台区 1819元,111-U-18,0
113,U,19,普通座位,优选座位看台区 1819元,113-U-19,0
112,U,19,普通座位,优选座位看台区 1819元,112-U-19,0
111,U,19,普通座位,优选座位看台区 1819元,111-U-19,0
113,U,20,普通座位,优选座位看台区 1819元,113-U-20,0
112,U,20,普通座位,优选座位看台区 1819元,112-U-20,0
113,U,21,普通座位,优选座位看台区 1819元,113-U-21,0
112,U,21,普通座位,优选座位看台区 1819元,112-U-21,0
113,U,22,普通座位,优选座位看台区 1819元,113-U-22,0
112,U,22,普通座位,优选座位看台区 1819元,112-U-22,0
113,U,23,普通座位,优选座位看台区 1819元,113-U-23,0
112,U,23,普通座位,优选座位看台区 1819元,112-U-23,0
112,U,24,普通座位,优选座位看台区 1819元,112-U-24,0
112,U,25,普通座位,优选座位看台区 1819元,112-U-25,0
112,U,26,普通座位,优选座位看台区 1819元,112-U-26,0
114,V,1,普通座位,优选座位看台区 1819元,114-V-1,0
113,V,1,普通座位,优选座位看台区 1819元,113-V-1,0
112,V,1,普通座位,优选座位看台区 1819元,112-V-1,0
111,V,1,普通座位,优选座位看台区 1819元,111-V-1,0
110,V,1,普通座位,优选座位看台区 1819元,110-V-1,0
114,V,2,普通座位,优选座位看台区 1819元,114-V-2,0
113,V,2,普通座位,优选座位看台区 1819元,113-V-2,0
112,V,2,普通座位,优选座位看台区 1819元,112-V-2,0
111,V,2,普通座位,优选座位看台区 1819元,111-V-2,0
110,V,2,普通座位,优选座位看台区 1819元,110-V-2,0
114,V,3,普通座位,优选座位看台区 1819元,114-V-3,0
113,V,3,普通座位,优选座位看台区 1819元,113-V-3,0
112,V,3,普通座位,优选座位看台区 1819元,112-V-3,0
111,V,3,普通座位,优选座位看台区 1819元,111-V-3,0
110,V,3,普通座位,优选座位看台区 1819元,110-V-3,0
114,V,4,普通座位,优选座位看台区 1819元,114-V-4,0
113,V,4,普通座位,优选座位看台区 1819元,113-V-4,0
112,V,4,普通座位,优选座位看台区 1819元,112-V-4,0
111,V,4,普通座位,优选座位看台区 1819元,111-V-4,0
110,V,4,普通座位,优选座位看台区 1819元,110-V-4,0
114,V,5,普通座位,优选座位看台区 1819元,114-V-5,0
113,V,5,普通座位,优选座位看台区 1819元,113-V-5,0
112,V,5,普通座位,优选座位看台区 1819元,112-V-5,0
111,V,5,普通座位,优选座位看台区 1819元,111-V-5,0
110,V,5,普通座位,优选座位看台区 1819元,110-V-5,0
114,V,6,普通座位,优选座位看台区 1819元,114-V-6,0
113,V,6,普通座位,优选座位看台区 1819元,113-V-6,0
112,V,6,普通座位,优选座位看台区 1819元,112-V-6,0
111,V,6,普通座位,优选座位看台区 1819元,111-V-6,0
110,V,6,普通座位,优选座位看台区 1819元,110-V-6,0
113,V,7,普通座位,优选座位看台区 1819元,113-V-7,0
112,V,7,普通座位,优选座位看台区 1819元,112-V-7,0
111,V,7,普通座位,优选座位看台区 1819元,111-V-7,0
110,V,7,普通座位,优选座位看台区 1819元,110-V-7,0
113,V,8,普通座位,优选座位看台区 1819元,113-V-8,0
112,V,8,普通座位,优选座位看台区 1819元,112-V-8,0
111,V,8,普通座位,优选座位看台区 1819元,111-V-8,0
110,V,8,普通座位,优选座位看台区 1819元,110-V-8,0
113,V,9,普通座位,优选座位看台区 1819元,113-V-9,0
112,V,9,普通座位,优选座位看台区 1819元,112-V-9,0
111,V,9,普通座位,优选座位看台区 1819元,111-V-9,0
110,V,9,普通座位,优选座位看台区 1819元,110-V-9,0
113,V,10,普通座位,优选座位看台区 1819元,113-V-10,0
112,V,10,普通座位,优选座位看台区 1819元,112-V-10,0
111,V,10,普通座位,优选座位看台区 1819元,111-V-10,0
110,V,10,普通座位,优选座位看台区 1819元,110-V-10,0
113,V,11,普通座位,优选座位看台区 1819元,113-V-11,0
112,V,11,普通座位,优选座位看台区 1819元,112-V-11,0
111,V,11,普通座位,优选座位看台区 1819元,111-V-11,0
110,V,11,普通座位,优选座位看台区 1819元,110-V-11,0
113,V,12,普通座位,优选座位看台区 1819元,113-V-12,0
112,V,12,普通座位,优选座位看台区 1819元,112-V-12,0
111,V,12,普通座位,优选座位看台区 1819元,111-V-12,0
110,V,12,普通座位,优选座位看台区 1819元,110-V-12,0
113,V,13,普通座位,优选座位看台区 1819元,113-V-13,0
112,V,13,普通座位,优选座位看台区 1819元,112-V-13,0
111,V,13,普通座位,优选座位看台区 1819元,111-V-13,0
110,V,13,普通座位,优选座位看台区 1819元,110-V-13,0
113,V,14,普通座位,优选座位看台区 1819元,113-V-14,0
112,V,14,普通座位,优选座位看台区 1819元,112-V-14,0
111,V,14,普通座位,优选座位看台区 1819元,111-V-14,0
110,V,14,普通座位,优选座位看台区 1819元,110-V-14,0
113,V,15,普通座位,优选座位看台区 1819元,113-V-15,0
112,V,15,普通座位,优选座位看台区 1819元,112-V-15,0
111,V,15,普通座位,优选座位看台区 1819元,111-V-15,0
110,V,15,普通座位,优选座位看台区 1819元,110-V-15,0
113,V,16,普通座位,优选座位看台区 1819元,113-V-16,0
112,V,16,普通座位,优选座位看台区 1819元,112-V-16,0
111,V,16,普通座位,优选座位看台区 1819元,111-V-16,0
113,V,17,普通座位,优选座位看台区 1819元,113-V-17,0
112,V,17,普通座位,优选座位看台区 1819元,112-V-17,0
111,V,17,普通座位,优选座位看台区 1819元,111-V-17,0
113,V,18,普通座位,优选座位看台区 1819元,113-V-18,0
112,V,18,普通座位,优选座位看台区 1819元,112-V-18,0
111,V,18,普通座位,优选座位看台区 1819元,111-V-18,0
113,V,19,普通座位,优选座位看台区 1819元,113-V-19,0
112,V,19,普通座位,优选座位看台区 1819元,112-V-19,0
111,V,19,普通座位,优选座位看台区 1819元,111-V-19,0
113,V,20,普通座位,优选座位看台区 1819元,113-V-20,0
112,V,20,普通座位,优选座位看台区 1819元,112-V-20,0
113,V,21,普通座位,优选座位看台区 1819元,113-V-21,0
112,V,21,普通座位,优选座位看台区 1819元,112-V-21,0
113,V,22,普通座位,优选座位看台区 1819元,113-V-22,0
112,V,22,普通座位,优选座位看台区 1819元,112-V-22,0
113,V,23,普通座位,优选座位看台区 1819元,113-V-23,0
112,V,23,普通座位,优选座位看台区 1819元,112-V-23,0
113,V,24,普通座位,优选座位看台区 1819元,113-V-24,0
112,V,24,普通座位,优选座位看台区 1819元,112-V-24,0
112,V,25,普通座位,优选座位看台区 1819元,112-V-25,0
112,V,26,普通座位,优选座位看台区 1819元,112-V-26,0
114,W,1,普通座位,优选座位看台区 1819元,114-W-1,0
113,W,1,普通座位,优选座位看台区 1819元,113-W-1,0
112,W,1,普通座位,优选座位看台区 1819元,112-W-1,0
111,W,1,普通座位,优选座位看台区 1819元,111-W-1,0
110,W,1,普通座位,优选座位看台区 1819元,110-W-1,0
114,W,2,普通座位,优选座位看台区 1819元,114-W-2,0
113,W,2,普通座位,优选座位看台区 1819元,113-W-2,0
112,W,2,普通座位,优选座位看台区 1819元,112-W-2,0
111,W,2,普通座位,优选座位看台区 1819元,111-W-2,0
110,W,2,普通座位,优选座位看台区 1819元,110-W-2,0
114,W,3,普通座位,优选座位看台区 1819元,114-W-3,0
113,W,3,普通座位,优选座位看台区 1819元,113-W-3,0
112,W,3,普通座位,优选座位看台区 1819元,112-W-3,0
111,W,3,普通座位,优选座位看台区 1819元,111-W-3,0
110,W,3,普通座位,优选座位看台区 1819元,110-W-3,0
114,W,4,普通座位,优选座位看台区 1819元,114-W-4,0
113,W,4,普通座位,优选座位看台区 1819元,113-W-4,0
112,W,4,普通座位,优选座位看台区 1819元,112-W-4,0
111,W,4,普通座位,优选座位看台区 1819元,111-W-4,0
110,W,4,普通座位,优选座位看台区 1819元,110-W-4,0
114,W,5,普通座位,优选座位看台区 1819元,114-W-5,0
113,W,5,普通座位,优选座位看台区 1819元,113-W-5,0
112,W,5,普通座位,优选座位看台区 1819元,112-W-5,0
111,W,5,普通座位,优选座位看台区 1819元,111-W-5,0
110,W,5,普通座位,优选座位看台区 1819元,110-W-5,0
114,W,6,普通座位,优选座位看台区 1819元,114-W-6,0
113,W,6,普通座位,优选座位看台区 1819元,113-W-6,0
112,W,6,普通座位,优选座位看台区 1819元,112-W-6,0
111,W,6,普通座位,优选座位看台区 1819元,111-W-6,0
110,W,6,普通座位,优选座位看台区 1819元,110-W-6,0
113,W,7,普通座位,优选座位看台区 1819元,113-W-7,0
112,W,7,普通座位,优选座位看台区 1819元,112-W-7,0
111,W,7,普通座位,优选座位看台区 1819元,111-W-7,0
110,W,7,普通座位,优选座位看台区 1819元,110-W-7,0
113,W,8,普通座位,优选座位看台区 1819元,113-W-8,0
112,W,8,普通座位,优选座位看台区 1819元,112-W-8,0
111,W,8,普通座位,优选座位看台区 1819元,111-W-8,0
110,W,8,普通座位,优选座位看台区 1819元,110-W-8,0
113,W,9,普通座位,优选座位看台区 1819元,113-W-9,0
112,W,9,普通座位,优选座位看台区 1819元,112-W-9,0
111,W,9,普通座位,优选座位看台区 1819元,111-W-9,0
110,W,9,普通座位,优选座位看台区 1819元,110-W-9,0
113,W,10,普通座位,优选座位看台区 1819元,113-W-10,0
112,W,10,普通座位,优选座位看台区 1819元,112-W-10,0
111,W,10,普通座位,优选座位看台区 1819元,111-W-10,0
110,W,10,普通座位,优选座位看台区 1819元,110-W-10,0
113,W,11,普通座位,优选座位看台区 1819元,113-W-11,0
112,W,11,普通座位,优选座位看台区 1819元,112-W-11,0
111,W,11,普通座位,优选座位看台区 1819元,111-W-11,0
110,W,11,普通座位,优选座位看台区 1819元,110-W-11,0
113,W,12,普通座位,优选座位看台区 1819元,113-W-12,0
112,W,12,普通座位,优选座位看台区 1819元,112-W-12,0
111,W,12,普通座位,优选座位看台区 1819元,111-W-12,0
110,W,12,普通座位,优选座位看台区 1819元,110-W-12,0
113,W,13,普通座位,优选座位看台区 1819元,113-W-13,0
112,W,13,普通座位,优选座位看台区 1819元,112-W-13,0
111,W,13,普通座位,优选座位看台区 1819元,111-W-13,0
110,W,13,普通座位,优选座位看台区 1819元,110-W-13,0
113,W,14,普通座位,优选座位看台区 1819元,113-W-14,0
112,W,14,普通座位,优选座位看台区 1819元,112-W-14,0
111,W,14,普通座位,优选座位看台区 1819元,111-W-14,0
113,W,15,普通座位,优选座位看台区 1819元,113-W-15,0
112,W,15,普通座位,优选座位看台区 1819元,112-W-15,0
111,W,15,普通座位,优选座位看台区 1819元,111-W-15,0
113,W,16,普通座位,优选座位看台区 1819元,113-W-16,0
112,W,16,普通座位,优选座位看台区 1819元,112-W-16,0
111,W,16,普通座位,优选座位看台区 1819元,111-W-16,0
113,W,17,普通座位,优选座位看台区 1819元,113-W-17,0
112,W,17,普通座位,优选座位看台区 1819元,112-W-17,0
111,W,17,普通座位,优选座位看台区 1819元,111-W-17,0
113,W,18,普通座位,优选座位看台区 1819元,113-W-18,0
112,W,18,普通座位,优选座位看台区 1819元,112-W-18,0
113,W,19,普通座位,优选座位看台区 1819元,113-W-19,0
112,W,19,普通座位,优选座位看台区 1819元,112-W-19,0
113,W,20,普通座位,优选座位看台区 1819元,113-W-20,0
112,W,20,普通座位,优选座位看台区 1819元,112-W-20,0
113,W,21,普通座位,优选座位看台区 1819元,113-W-21,0
112,W,21,普通座位,优选座位看台区 1819元,112-W-21,0
113,W,22,普通座位,优选座位看台区 1819元,113-W-22,0
112,W,22,普通座位,优选座位看台区 1819元,112-W-22,0
113,W,23,普通座位,优选座位看台区 1819元,113-W-23,0
112,W,23,普通座位,优选座位看台区 1819元,112-W-23,0
113,W,24,普通座位,优选座位看台区 1819元,113-W-24,0
